,antecedents,consequents,antecedent support,consequent support,support,confidence,lift,leverage,conviction,zhangs_metric
156,"frozenset({'citrus fruit', 'other vegetables'})",frozenset({'root vegetables'}),0.02887646161667514,0.10899847483477376,0.010371123538383325,0.3591549295774648,3.295045459323103,0.007223633263540849,1.3903540282798035,0.7172249697701297
209,"frozenset({'other vegetables', 'yogurt'})",frozenset({'whipped/sour cream'}),0.04341637010676157,0.07168276563294357,0.010167768174885612,0.23419203747072598,3.2670619695384255,0.007055562691889485,1.2122062968646274,0.7254092261904761
184,"frozenset({'tropical fruit', 'other vegetables'})",frozenset({'root vegetables'}),0.035892221657346214,0.10899847483477376,0.012302999491611592,0.34277620396600567,3.144779819035136,0.008390802072529218,1.355704906824676,0.7074029784140807
2,frozenset({'beef'}),frozenset({'root vegetables'}),0.05246568378240976,0.10899847483477376,0.017386883579054397,0.3313953488372093,3.0403668431100312,0.011668204065608208,1.3326283680732078,0.7082512053284838
157,"frozenset({'citrus fruit', 'root vegetables'})",frozenset({'other vegetables'}),0.017691916624300967,0.1934926283680732,0.010371123538383325,0.5862068965517241,3.0296084222733612,0.006947868089878522,1.9490594814438227,0.6819900509629376
185,"frozenset({'tropical fruit', 'root vegetables'})",frozenset({'other vegetables'}),0.021047280122013217,0.1934926283680732,0.012302999491611592,0.5845410628019324,3.020999134344196,0.008230505940804154,1.941244487532661,0.6833666956226159
190,frozenset({'root vegetables'}),"frozenset({'whole milk', 'other vegetables'})",0.10899847483477376,0.07483477376715811,0.023182511438739197,0.2126865671641791,2.84208204899416,0.015025635233513626,1.1750913773952685,0.7274345283498601
187,"frozenset({'whole milk', 'other vegetables'})",frozenset({'root vegetables'}),0.07483477376715811,0.10899847483477376,0.023182511438739197,0.30978260869565216,2.84208204899416,0.015025635233513626,1.2908998474834772,0.7005724554269507
155,frozenset({'butter'}),"frozenset({'whole milk', 'other vegetables'})",0.05541433655312659,0.07483477376715811,0.011489578037620742,0.2073394495412844,2.7706297367371358,0.007342658698210353,1.1671644636502287,0.6765624851157872
163,"frozenset({'whole milk', 'curd'})",frozenset({'yogurt'}),0.026131164209456024,0.13950177935943062,0.010066090493136757,0.3852140077821012,2.761355514968633,0.0064207465891841725,1.3996711563583943,0.6549742570832569
206,frozenset({'whipped/sour cream'}),"frozenset({'whole milk', 'other vegetables'})",0.07168276563294357,0.07483477376715811,0.014641586171835282,0.20425531914893616,2.7294172062904716,0.009277222622689735,1.1626407923246944,0.6825483753194597
192,"frozenset({'other vegetables', 'yogurt'})",frozenset({'root vegetables'}),0.04341637010676157,0.10899847483477376,0.012913065582104729,0.297423887587822,2.728697700024468,0.008180747457605653,1.2681921708185053,0.6622785433070866
203,"frozenset({'other vegetables', 'yogurt'})",frozenset({'tropical fruit'}),0.04341637010676157,0.10493136756481952,0.012302999491611592,0.28337236533957844,2.700549625111196,0.007747260401608751,1.2490010001628171,0.6582853699330973
158,"frozenset({'other vegetables', 'root vegetables'})",frozenset({'citrus fruit'}),0.047381799694966954,0.08276563294356888,0.010371123538383325,0.21888412017167383,2.644625702565617,0.006449538896623986,1.1742615798030134,0.6528057695487204
176,"frozenset({'other vegetables', 'rolls/buns'})",frozenset({'root vegetables'}),0.042602948652770714,0.10899847483477376,0.012201321809862735,0.2863961813842482,2.6275246678302997,0.007557665383246548,1.2485941105158187,0.6469767771169641
221,"frozenset({'tropical fruit', 'whole milk'})",frozenset({'root vegetables'}),0.04229791560752415,0.10899847483477376,0.011997966446365024,0.2836538461538462,2.602365276980483,0.007387558156454918,1.2438142096266247,0.6429287358224721
177,"frozenset({'root vegetables', 'rolls/buns'})",frozenset({'other vegetables'}),0.024300965937976614,0.1934926283680732,0.012201321809862735,0.502092050209205,2.5948898128258175,0.0074992640386406205,1.61979211613471,0.6299352160622481
193,"frozenset({'root vegetables', 'yogurt'})",frozenset({'other vegetables'}),0.025826131164209457,0.1934926283680732,0.012913065582104729,0.5,2.5840777719390435,0.007915899582563234,1.6130147432638535,0.6292662561319278
231,"frozenset({'whole milk', 'yogurt'})",frozenset({'tropical fruit'}),0.05602440264361973,0.10493136756481952,0.015149974580579562,0.2704174228675136,2.5770885212228642,0.009271257394182454,1.2268229265467274,0.6482849905589179
113,frozenset({'pip fruit'}),frozenset({'tropical fruit'}),0.07564819522114896,0.10493136756481952,0.02043721403152008,0.2701612903225806,2.5746475681420353,0.012499345453154474,1.2263923803531753,0.6616499506646725
229,"frozenset({'tropical fruit', 'whole milk'})",frozenset({'yogurt'}),0.04229791560752415,0.13950177935943062,0.015149974580579562,0.3581730769230769,2.5675161891679745,0.009249340090134912,1.3407013475148946,0.6374827120107793
208,"frozenset({'whipped/sour cream', 'yogurt'})",frozenset({'other vegetables'}),0.02074224707676665,0.1934926283680732,0.010167768174885612,0.4901960784313725,2.5334095803323953,0.006154296269742049,1.5819952289703176,0.6180957325303705
207,"frozenset({'whipped/sour cream', 'other vegetables'})",frozenset({'yogurt'}),0.02887646161667514,0.13950177935943062,0.010167768174885612,0.352112676056338,2.524073009485484,0.0061394503977551295,1.3281602970756614,0.6217694482253167
186,"frozenset({'other vegetables', 'root vegetables'})",frozenset({'tropical fruit'}),0.047381799694966954,0.10493136756481952,0.012302999491611592,0.25965665236051505,2.4745379612070404,0.007331162451936361,1.20899125424578,0.6255225382812493
201,"frozenset({'tropical fruit', 'other vegetables'})",frozenset({'yogurt'}),0.035892221657346214,0.13950177935943062,0.012302999491611592,0.34277620396600567,2.4571457478175405,0.007295970705248703,1.30929255123328,0.615101078860163
188,"frozenset({'whole milk', 'root vegetables'})",frozenset({'other vegetables'}),0.048906964921199794,0.1934926283680732,0.023182511438739197,0.47401247401247404,2.4497701954349353,0.013719374250631092,1.5333203389523984,0.6222298181845463
232,"frozenset({'whipped/sour cream', 'whole milk'})",frozenset({'yogurt'}),0.032231825114387394,0.13950177935943062,0.010879511947127605,0.3375394321766561,2.419606643919397,0.00638311499166858,1.2989425521098117,0.6062502332030014
161,"frozenset({'citrus fruit', 'whole milk'})",frozenset({'yogurt'}),0.030503304524656837,0.13950177935943062,0.010269445856634469,0.33666666666666667,2.4133503401360543,0.006014180599102269,1.2972334984531195,0.60406423442554
225,"frozenset({'whole milk', 'yogurt'})",frozenset({'root vegetables'}),0.05602440264361973,0.10899847483477376,0.014539908490086425,0.2595281306715063,2.3810253406289785,0.008433334048402609,1.2032888244265676,0.6144362961467659
88,frozenset({'onions'}),frozenset({'other vegetables'}),0.031011692933401117,0.1934926283680732,0.014234875444839857,0.45901639344262296,2.372268118501417,0.008234341469012472,1.4908166566529557,0.5969757157847398
174,"frozenset({'pork', 'whole milk'})",frozenset({'other vegetables'}),0.022165734621250637,0.1934926283680732,0.010167768174885612,0.45871559633027514,2.370713552237654,0.0058788619233106285,1.4899881950488136,0.5912925028595195
204,"frozenset({'whipped/sour cream', 'whole milk'})",frozenset({'other vegetables'}),0.032231825114387394,0.1934926283680732,0.014641586171835282,0.4542586750788643,2.3476794899635474,0.008404965613352394,1.4778198659382702,0.5931663106161426
223,"frozenset({'whole milk', 'root vegetables'})",frozenset({'tropical fruit'}),0.048906964921199794,0.10493136756481952,0.011997966446365024,0.24532224532224534,2.337930506535158,0.006866091733738873,1.186027581821823,0.6016985391910649
27,frozenset({'chicken'}),frozenset({'root vegetables'}),0.04290798169801729,0.10899847483477376,0.010879511947127605,0.2535545023696682,2.32622064440829,0.0062026073838053345,1.1936591860943664,0.595677483218178
47,frozenset({'curd'}),frozenset({'yogurt'}),0.05327910523640061,0.13950177935943062,0.01728520589730554,0.3244274809160305,2.325615360648076,0.009852675914149298,1.2737318294227638,0.6020848206106628
171,"frozenset({'whole milk', 'pip fruit'})",frozenset({'other vegetables'}),0.030096593797661414,0.1934926283680732,0.013523131672597865,0.44932432432432434,2.3221779977560324,0.007699662633762108,1.4645778036996953,0.5870376223607556
36,frozenset({'citrus fruit'}),frozenset({'tropical fruit'}),0.08276563294356888,0.10493136756481952,0.0199288256227758,0.2407862407862408,2.2947022074929055,0.011244114570639238,1.1789415320424546,0.6151247995041049
7,frozenset({'berries'}),frozenset({'yogurt'}),0.033248601931875954,0.13950177935943062,0.010574478901881037,0.3180428134556575,2.279847718904075,0.005936239771170939,1.2618068078451397,0.5806810459208439
164,"frozenset({'curd', 'yogurt'})",frozenset({'whole milk'}),0.01728520589730554,0.25551601423487547,0.010066090493136757,0.5823529411764706,2.27912502048173,0.005649443577028081,1.7825672898601574,0.5711068261507993
95,frozenset({'other vegetables'}),frozenset({'root vegetables'}),0.1934926283680732,0.10899847483477376,0.047381799694966954,0.24487651077246453,2.2466049285887957,0.026291398311075295,1.1799414769585426,0.688008479803653
96,frozenset({'root vegetables'}),frozenset({'other vegetables'}),0.10899847483477376,0.1934926283680732,0.047381799694966954,0.43470149253731344,2.2466049285887952,0.026291398311075295,1.4266929082333752,0.6227642658681474
154,"frozenset({'butter', 'other vegetables'})",frozenset({'whole milk'}),0.020030503304524657,0.25551601423487547,0.011489578037620742,0.5736040609137055,2.2448849737709087,0.0063714636701301,1.7459922047110656,0.5658776928345945
43,frozenset({'cream cheese'}),frozenset({'yogurt'}),0.03965429588205389,0.13950177935943062,0.012404677173360447,0.3128205128205128,2.2424123495552064,0.006872832338568588,1.2522175598873957,0.5769294188095011
222,"frozenset({'tropical fruit', 'root vegetables'})",frozenset({'whole milk'}),0.021047280122013217,0.25551601423487547,0.011997966446365024,0.570048309178744,2.230969009459987,0.006620049319103283,1.7315526410492226,0.5636270975192411
60,frozenset({'frozen vegetables'}),frozenset({'root vegetables'}),0.04809354346720895,0.10899847483477376,0.011591255719369599,0.24101479915433405,2.211175885898205,0.006349132832043926,1.1739379426271646,0.5754262284637037
159,"frozenset({'citrus fruit', 'whole milk'})",frozenset({'other vegetables'}),0.030503304524656837,0.1934926283680732,0.013014743263853584,0.42666666666666664,2.2050796987213173,0.007112578697465992,1.4066989040091744,0.5636962506554798
226,"frozenset({'root vegetables', 'yogurt'})",frozenset({'whole milk'}),0.025826131164209457,0.25551601423487547,0.014539908490086425,0.562992125984252,2.2033535849801504,0.00794091839190052,1.7035939854445192,0.5606251592056831
129,frozenset({'whipped/sour cream'}),frozenset({'root vegetables'}),0.07168276563294357,0.10899847483477376,0.01708185053380783,0.23829787234042554,2.186249603048587,0.009268538407878446,1.1697506056638445,0.5844938194335786
200,"frozenset({'whole milk', 'other vegetables'})",frozenset({'tropical fruit'}),0.07483477376715811,0.10493136756481952,0.01708185053380783,0.2282608695652174,2.1753349342770476,0.009229335381016049,1.1598072420286845,0.5840045216899816
202,"frozenset({'tropical fruit', 'yogurt'})",frozenset({'other vegetables'}),0.029283172343670564,0.1934926283680732,0.012302999491611592,0.4201388888888889,2.171343127809891,0.006636921507879504,1.390863012155658,0.5557290724358913
116,frozenset({'pork'}),frozenset({'root vegetables'}),0.05765124555160142,0.10899847483477376,0.01362480935434672,0.23633156966490299,2.16820987654321,0.00734091151689713,1.166738717710585,0.5717522658610272
166,"frozenset({'domestic eggs', 'other vegetables'})",frozenset({'whole milk'}),0.02226741230299949,0.25551601423487547,0.012302999491611592,0.5525114155251142,2.1623357627097084,0.006613319052624533,1.663693804924105,0.5497792934640613
26,frozenset({'chicken'}),frozenset({'other vegetables'}),0.04290798169801729,0.1934926283680732,0.017895271987798677,0.4170616113744075,2.1554392789633723,0.009592893831080132,1.383520775726313,0.5600897694677572
153,"frozenset({'whole milk', 'butter'})",frozenset({'other vegetables'}),0.02755465175394001,0.1934926283680732,0.011489578037620742,0.4169741697416974,2.154987367004516,0.006157956045983951,1.3833132766598235,0.5511468153066625
69,frozenset({'hamburger meat'}),frozenset({'other vegetables'}),0.033248601931875954,0.1934926283680732,0.013828164717844434,0.41590214067278286,2.149446954028807,0.0073948053404819586,1.3807744006473301,0.5531557017001163
21,frozenset({'butter'}),frozenset({'root vegetables'}),0.05541433655312659,0.10899847483477376,0.012913065582104729,0.23302752293577983,2.137897097083391,0.006872987413833077,1.1617125148685368,0.5634752464338083
210,"frozenset({'whole milk', 'other vegetables'})",frozenset({'yogurt'}),0.07483477376715811,0.13950177935943062,0.02226741230299949,0.2975543478260869,2.132978870896184,0.011827828204520493,1.225003269615975,0.5741375563876003
224,"frozenset({'whole milk', 'root vegetables'})",frozenset({'yogurt'}),0.048906964921199794,0.13950177935943062,0.014539908490086425,0.2972972972972973,2.1311362382790953,0.007717299860509798,1.2245551601423488,0.5580597508115147
165,"frozenset({'domestic eggs', 'whole milk'})",frozenset({'other vegetables'}),0.029994916115912557,0.1934926283680732,0.012302999491611592,0.41016949152542376,2.119819731556775,0.006499204334663794,1.3673544519047034,0.5445969125214408
198,"frozenset({'tropical fruit', 'whole milk'})",frozenset({'other vegetables'}),0.04229791560752415,0.1934926283680732,0.01708185053380783,0.4038461538461539,2.087139738873843,0.008897515668417037,1.3528510749954903,0.5438804038443067
103,frozenset({'whipped/sour cream'}),frozenset({'other vegetables'}),0.07168276563294357,0.1934926283680732,0.02887646161667514,0.40283687943262414,2.081923651718265,0.0150063748856643,1.3505646009513264,0.5598032334202366
147,frozenset({'whipped/sour cream'}),frozenset({'yogurt'}),0.07168276563294357,0.13950177935943062,0.02074224707676665,0.2893617021276596,2.0742509769865394,0.010742373721565982,1.210880729643915,0.5578893112557181
52,frozenset({'domestic eggs'}),frozenset({'root vegetables'}),0.06344687341128623,0.10899847483477376,0.014336553126588714,0.22596153846153844,2.0730706443742823,0.007420940691723555,1.1511075604619072,0.5526902385445709
214,"frozenset({'whole milk', 'rolls/buns'})",frozenset({'root vegetables'}),0.05663446873411286,0.10899847483477376,0.012709710218607015,0.2244165170556553,2.058895937726091,0.006536639503511033,1.148814466474609,0.5451787023065315
211,"frozenset({'whole milk', 'yogurt'})",frozenset({'other vegetables'}),0.05602440264361973,0.1934926283680732,0.02226741230299949,0.39745916515426494,2.0541307878571704,0.01142710338273428,1.3385107282204567,0.5436327830666595
233,"frozenset({'whipped/sour cream', 'yogurt'})",frozenset({'whole milk'}),0.02074224707676665,0.25551601423487547,0.010879511947127605,0.5245098039215685,2.0527472827571134,0.0055795356477971935,1.5657188978977874,0.5237109140363525
215,"frozenset({'root vegetables', 'rolls/buns'})",frozenset({'whole milk'}),0.024300965937976614,0.25551601423487547,0.012709710218607015,0.5230125523012552,2.04688756541299,0.006500424260077759,1.5608041455953048,0.524191746561067
167,"frozenset({'whole milk', 'fruit/vegetable juice'})",frozenset({'other vegetables'}),0.026639552618200304,0.1934926283680732,0.01047280122013218,0.3931297709923664,2.0317558054177214,0.005318244165487017,1.3289618325004078,0.5217130704377908
172,"frozenset({'other vegetables', 'pip fruit'})",frozenset({'whole milk'}),0.026131164209456024,0.25551601423487547,0.013523131672597865,0.5175097276264592,2.0253514409893456,0.006846200746480632,1.543003099529331,0.5198426217977603
230,"frozenset({'tropical fruit', 'yogurt'})",frozenset({'whole milk'}),0.029283172343670564,0.25551601423487547,0.015149974580579562,0.517361111111111,2.0247698081089442,0.007667655099171922,1.5425279705061572,0.5213844891715518
212,"frozenset({'other vegetables', 'yogurt'})",frozenset({'whole milk'}),0.04341637010676157,0.25551601423487547,0.02226741230299949,0.5128805620608898,2.0072345116867694,0.01117383446077358,1.528339720777443,0.5245773537725591
144,frozenset({'yogurt'}),frozenset({'tropical fruit'}),0.13950177935943062,0.10493136756481952,0.029283172343670564,0.20991253644314867,2.0004746084480303,0.014645059857759797,1.1328728447426821,0.5811965811965812
143,frozenset({'tropical fruit'}),frozenset({'yogurt'}),0.10493136756481952,0.13950177935943062,0.029283172343670564,0.27906976744186046,2.0004746084480303,0.014645059857759797,1.1935943060498222,0.5587489113559772
205,"frozenset({'whipped/sour cream', 'other vegetables'})",frozenset({'whole milk'}),0.02887646161667514,0.25551601423487547,0.014641586171835282,0.5070422535211268,1.9843854211620697,0.007263187794336082,1.5102389425521097,0.5108162030735582
219,"frozenset({'whole milk', 'rolls/buns'})",frozenset({'yogurt'}),0.05663446873411286,0.13950177935943062,0.015556685307574987,0.2746858168761221,1.9690488403619975,0.007656076146090204,1.1863799725168247,0.5216859899093645
35,frozenset({'citrus fruit'}),frozenset({'root vegetables'}),0.08276563294356888,0.10899847483477376,0.017691916624300967,0.21375921375921378,1.9611211448898018,0.008670588864717253,1.1332425648195221,0.5343101091068478
191,"frozenset({'other vegetables', 'root vegetables'})",frozenset({'yogurt'}),0.047381799694966954,0.13950177935943062,0.012913065582104729,0.27253218884120173,1.9536108434790225,0.006303220215404711,1.1828677605265645,0.5124060501082897
168,"frozenset({'other vegetables', 'fruit/vegetable juice'})",frozenset({'whole milk'}),0.021047280122013217,0.25551601423487547,0.01047280122013218,0.4975845410628019,1.9473712540201578,0.00509488409287044,1.4818094716671228,0.4969466079920619
22,frozenset({'butter'}),frozenset({'whole milk'}),0.05541433655312659,0.25551601423487547,0.02755465175394001,0.4972477064220184,1.9460530014566455,0.013395401346415137,1.4808166870145727,0.5146588602592161
0,frozenset({'beef'}),frozenset({'other vegetables'}),0.05246568378240976,0.1934926283680732,0.019725470259278087,0.37596899224806196,1.943066231613079,0.009573747205091429,1.2924155396337709,0.5122236689702779
92,frozenset({'pork'}),frozenset({'other vegetables'}),0.05765124555160142,0.1934926283680732,0.021657346212506354,0.37566137566137564,1.9414764212452071,0.010502255182033807,1.2917787562579164,0.5145951236117612
181,"frozenset({'other vegetables', 'rolls/buns'})",frozenset({'yogurt'}),0.042602948652770714,0.13950177935943062,0.011489578037620742,0.26968973747016706,1.9332351078856362,0.00554639089460077,1.178263903426139,0.5042133141856077
46,frozenset({'curd'}),frozenset({'whole milk'}),0.05327910523640061,0.25551601423487547,0.026131164209456024,0.4904580152671756,1.9194805332879712,0.012517499597450459,1.4610846761832408,0.5059840939568988
24,frozenset({'butter milk'}),frozenset({'other vegetables'}),0.027961362480935434,0.1934926283680732,0.010371123538383325,0.3709090909090909,1.9169158744565995,0.0049608060191946995,1.2820203884322534,0.4920881532529329
189,"frozenset({'other vegetables', 'root vegetables'})",frozenset({'whole milk'}),0.047381799694966954,0.25551601423487547,0.023182511438739197,0.4892703862660944,1.9148325702057454,0.011075702833406004,1.4576871317922186,0.5015242503740406
58,frozenset({'frozen vegetables'}),frozenset({'other vegetables'}),0.04809354346720895,0.1934926283680732,0.017793594306049824,0.3699788583509514,1.912108287904155,0.008487848173045388,1.2801274724224878,0.5011175878170111
23,frozenset({'butter'}),frozenset({'yogurt'}),0.05541433655312659,0.13950177935943062,0.014641586171835282,0.26422018348623855,1.8940273357049242,0.006911187620651786,1.1695050629653623,0.49971594306901085
112,frozenset({'pip fruit'}),frozenset({'root vegetables'}),0.07564819522114896,0.10899847483477376,0.015556685307574987,0.20564516129032256,1.8866792549350024,0.0073111474044665285,1.121666894624244,0.5084300137390783
38,frozenset({'citrus fruit'}),frozenset({'yogurt'}),0.08276563294356888,0.13950177935943062,0.021657346212506354,0.2616707616707617,1.8757521436092865,0.010111393147068985,1.1654668079890573,0.5090089738445452
227,"frozenset({'whole milk', 'soda'})",frozenset({'yogurt'}),0.040061006609049314,0.13950177935943062,0.01047280122013218,0.26142131979695427,1.873964052626126,0.004884219515239891,1.1650731922075062,0.48583486815922694
45,frozenset({'curd'}),frozenset({'root vegetables'}),0.05327910523640061,0.10899847483477376,0.010879511947127605,0.20419847328244276,1.8734067021761422,0.005072170735798531,1.1196278157951525,0.49245039281244074
19,frozenset({'butter'}),frozenset({'other vegetables'}),0.05541433655312659,0.1934926283680732,0.020030503304524657,0.3614678899082569,1.868122279163272,0.0093082376755872,1.2630647055729887,0.49196505166299664
199,"frozenset({'tropical fruit', 'other vegetables'})",frozenset({'whole milk'}),0.035892221657346214,0.25551601423487547,0.01708185053380783,0.47592067988668557,1.862586504849006,0.00791081311388805,1.4205559295950754,0.48035312521971446
162,"frozenset({'citrus fruit', 'yogurt'})",frozenset({'whole milk'}),0.021657346212506354,0.25551601423487547,0.010269445856634469,0.47417840375586856,1.855767847568232,0.004735647073510069,1.4158490086426028,0.47134763362014853
67,frozenset({'fruit/vegetable juice'}),frozenset({'yogurt'}),0.0722928317234367,0.13950177935943062,0.018708693441789527,0.2587904360056259,1.8551049111627773,0.008623714781438214,1.1609378270881305,0.49686683948687643
53,frozenset({'domestic eggs'}),frozenset({'whole milk'}),0.06344687341128623,0.25551601423487547,0.029994916115912557,0.47275641025641024,1.8502026640954214,0.013783223906196004,1.4120304167703273,0.4906488005314205
62,frozenset({'frozen vegetables'}),frozenset({'yogurt'}),0.04809354346720895,0.13950177935943062,0.012404677173360447,0.25792811839323465,1.8489235017474217,0.005695542283984678,1.1595887702649268,0.4823422905992483
128,frozenset({'tropical fruit'}),frozenset({'root vegetables'}),0.10493136756481952,0.10899847483477376,0.021047280122013217,0.2005813953488372,1.8402220366192295,0.00960992109512084,1.1145619078430467,0.5101143055644733
173,"frozenset({'pork', 'other vegetables'})",frozenset({'whole milk'}),0.021657346212506354,0.25551601423487547,0.010167768174885612,0.4694835680751174,1.837393908483398,0.004633969391761212,1.4033193713979781,0.4658397422573268
169,"frozenset({'pastry', 'other vegetables'})",frozenset({'whole milk'}),0.02257244534824606,0.25551601423487547,0.010574478901881037,0.46846846846846846,1.8334211648974879,0.004806857634962648,1.400639363049641,0.46506933719562443
50,frozenset({'domestic eggs'}),frozenset({'other vegetables'}),0.06344687341128623,0.1934926283680732,0.02226741230299949,0.35096153846153844,1.8138238206879824,0.0099909100049133,1.2426187651810428,0.4790743051414107
33,frozenset({'citrus fruit'}),frozenset({'other vegetables'}),0.08276563294356888,0.1934926283680732,0.02887646161667514,0.34889434889434895,1.8031402634660652,0.01286192175987681,1.2386735858648839,0.48560323252005105
196,"frozenset({'whole milk', 'soda'})",frozenset({'other vegetables'}),0.040061006609049314,0.1934926283680732,0.013929842399593289,0.3477157360406091,1.7970490089119235,0.0061783329357375846,1.236435425770347,0.46204201738495776
41,frozenset({'cream cheese'}),frozenset({'other vegetables'}),0.03965429588205389,0.1934926283680732,0.013726487036095577,0.34615384615384615,1.7889769190347224,0.006053673099791709,1.2334818624958879,0.45923180989353574
91,frozenset({'pip fruit'}),frozenset({'other vegetables'}),0.07564819522114896,0.1934926283680732,0.026131164209456024,0.3454301075268817,1.7852365252374574,0.011493796084814796,1.2321180379756747,0.47584710923318785
56,frozenset({'frankfurter'}),frozenset({'rolls/buns'}),0.058973055414336555,0.18393492628368074,0.019217081850533807,0.3258620689655172,1.7716160576428202,0.008369877250174393,1.2105313113950515,0.46283862005093757
220,"frozenset({'rolls/buns', 'yogurt'})",frozenset({'whole milk'}),0.03436705643111337,0.25551601423487547,0.015556685307574987,0.45266272189349116,1.7715630202238302,0.006775352027311856,1.360192363181687,0.4510271905610372
120,frozenset({'sausage'}),frozenset({'rolls/buns'}),0.09395017793594305,0.18393492628368074,0.030604982206405694,0.3257575757575758,1.7710479588589043,0.013324263153419318,1.210343704837687,0.4805061943299762
101,frozenset({'tropical fruit'}),frozenset({'other vegetables'}),0.10493136756481952,0.1934926283680732,0.035892221657346214,0.34205426356589147,1.7677896385551983,0.015588775548972898,1.2257961819206897,0.4852385823915939
160,"frozenset({'citrus fruit', 'other vegetables'})",frozenset({'whole milk'}),0.02887646161667514,0.25551601423487547,0.013014743263853584,0.45070422535211263,1.7638981521440618,0.005636344886354384,1.3553426407518934,0.4459513401738037
146,frozenset({'whipped/sour cream'}),frozenset({'whole milk'}),0.07168276563294357,0.25551601423487547,0.032231825114387394,0.449645390070922,1.759754242478121,0.013915730550524943,1.3527350772278683,0.46507682580047743
194,"frozenset({'whole milk', 'sausage'})",frozenset({'other vegetables'}),0.0298932384341637,0.1934926283680732,0.010167768174885612,0.3401360544217687,1.7578760353326826,0.004383646899825772,1.2222328209267344,0.44441672780630953
130,frozenset({'root vegetables'}),frozenset({'whole milk'}),0.10899847483477376,0.25551601423487547,0.048906964921199794,0.44869402985074625,1.7560309524799398,0.021056109073738026,1.3504007322169433,0.48320226581096143
217,"frozenset({'tropical fruit', 'rolls/buns'})",frozenset({'whole milk'}),0.024605998983223184,0.25551601423487547,0.010981189628876462,0.4462809917355372,1.7465871682128962,0.004693962842415875,1.3445158548892548,0.4382381443259165
78,frozenset({'margarine'}),frozenset({'yogurt'}),0.05856634468734113,0.13950177935943062,0.014234875444839857,0.24305555555555555,1.7423115079365077,0.006064766150378034,1.136804988736165,0.45255427151960254
75,frozenset({'margarine'}),frozenset({'other vegetables'}),0.05856634468734113,0.1934926283680732,0.019725470259278087,0.3368055555555555,1.7406634991533834,0.00839331429181391,1.2160948849737954,0.45197706772903035
141,frozenset({'sugar'}),frozenset({'whole milk'}),0.03385866802236909,0.25551601423487547,0.015048296898830707,0.4444444444444445,1.7393995666976168,0.006396864998453124,1.340071174377224,0.43998631866975374
70,frozenset({'hamburger meat'}),frozenset({'whole milk'}),0.033248601931875954,0.25551601423487547,0.014743263853584139,0.4434250764525994,1.7354101181501451,0.006247713609069214,1.3376168315670094,0.4383415780540524
182,"frozenset({'yogurt', 'rolls/buns'})",frozenset({'other vegetables'}),0.03436705643111337,0.1934926283680732,0.011489578037620742,0.334319526627219,1.7278153149651596,0.004839805959490723,1.2115532960515167,0.4362262512335056
68,frozenset({'ham'}),frozenset({'whole milk'}),0.026029486527707167,0.25551601423487547,0.011489578037620742,0.44140625,1.7275091399721447,0.004838627387480619,1.332782519971132,0.4323866644124731
138,frozenset({'sliced cheese'}),frozenset({'whole milk'}),0.024504321301474327,0.25551601423487547,0.010777834265378749,0.4398340248962655,1.7213560027277242,0.004516587754895272,1.3290417819955187,0.4295894446607745
115,frozenset({'pip fruit'}),frozenset({'yogurt'}),0.07564819522114896,0.13950177935943062,0.017996949669547534,0.2379032258064516,1.7053777156023697,0.007443891830867678,1.129119358300853,0.4474699320803401
152,"frozenset({'bottled water', 'other vegetables'})",frozenset({'whole milk'}),0.024809354346720894,0.25551601423487547,0.010777834265378749,0.4344262295081967,1.7001917895794327,0.004438646926963943,1.316334003816597,0.4223082567580062
131,frozenset({'root vegetables'}),frozenset({'yogurt'}),0.10899847483477376,0.13950177935943062,0.025826131164209457,0.2369402985074627,1.6984750989948219,0.010620649977294398,1.1276944896414307,0.4615441984507157
104,frozenset({'white bread'}),frozenset({'other vegetables'}),0.042094560244026434,0.1934926283680732,0.013726487036095577,0.32608695652173914,1.6852681121341588,0.005581499934480701,1.196752874034472,0.4244913844956304
83,frozenset({'napkins'}),frozenset({'yogurt'}),0.05236400610066091,0.13950177935943062,0.012302999491611592,0.23495145631067962,1.684218347533188,0.0049981274661813156,1.124762902613942,0.42870127336572905
44,frozenset({'curd'}),frozenset({'other vegetables'}),0.05327910523640061,0.1934926283680732,0.017183528215556684,0.32251908396946566,1.6668287918232763,0.006874414106266357,1.1904503175637453,0.4225726521852692
197,"frozenset({'soda', 'other vegetables'})",frozenset({'whole milk'}),0.032740213523131674,0.25551601423487547,0.013929842399593289,0.42546583850931674,1.6651239640824234,0.005564193534963914,1.2958045590074059,0.4129646637985207
61,frozenset({'frozen vegetables'}),frozenset({'whole milk'}),0.04809354346720895,0.25551601423487547,0.02043721403152008,0.4249471458773784,1.6630939831691272,0.008148543494347116,1.2946357546577347,0.418855306887906
100,frozenset({'sugar'}),frozenset({'other vegetables'}),0.03385866802236909,0.1934926283680732,0.010777834265378749,0.3183183183183183,1.6451185815347664,0.0042264315966885225,1.183114338120844,0.4058837662776059
180,"frozenset({'other vegetables', 'rolls/buns'})",frozenset({'whole milk'}),0.042602948652770714,0.25551601423487547,0.017895271987798677,0.4200477326968974,1.6439193995519241,0.007009536353389646,1.2836987244262847,0.4091277178110758
170,"frozenset({'pastry', 'whole milk'})",frozenset({'other vegetables'}),0.033248601931875954,0.1934926283680732,0.010574478901881037,0.3180428134556575,1.6436947295514406,0.004141119524518562,1.182636370061166,0.4050829665706611
179,"frozenset({'whole milk', 'rolls/buns'})",frozenset({'other vegetables'}),0.05663446873411286,0.1934926283680732,0.017895271987798677,0.31597845601436264,1.6330258091966665,0.006936919776205716,1.1790672073464126,0.41091156499245524
42,frozenset({'cream cheese'}),frozenset({'whole milk'}),0.03965429588205389,0.25551601423487547,0.016471784443314694,0.41538461538461546,1.6256695950289266,0.006339476812241849,1.2734594493350817,0.40076073956433933
25,frozenset({'butter milk'}),frozenset({'whole milk'}),0.027961362480935434,0.25551601423487547,0.011591255719369599,0.41454545454545455,1.622385414028868,0.004446679825664388,1.271634137176455,0.3946588490053586
151,"frozenset({'bottled water', 'whole milk'})",frozenset({'other vegetables'}),0.03436705643111337,0.1934926283680732,0.010777834265378749,0.3136094674556213,1.6207825078434237,0.00412806218724873,1.174997808670652,0.3966456140072039
54,frozenset({'domestic eggs'}),frozenset({'yogurt'}),0.06344687341128623,0.13950177935943062,0.014336553126588714,0.22596153846153844,1.6197753139717421,0.005485601390921737,1.111699564554276,0.40855175472434657
77,frozenset({'margarine'}),frozenset({'whole milk'}),0.05856634468734113,0.25551601423487547,0.024199288256227757,0.4131944444444444,1.6170980346641903,0.009234649293412478,1.2687064372802122,0.40534805562791043
48,frozenset({'dessert'}),frozenset({'other vegetables'}),0.03711235383833249,0.1934926283680732,0.011591255719369599,0.31232876712328766,1.6141636493208271,0.004410288830264696,1.1728095244846743,0.39514903944126417
108,frozenset({'yogurt'}),frozenset({'other vegetables'}),0.13950177935943062,0.1934926283680732,0.04341637010676157,0.3112244897959184,1.6084565723294046,0.016423804156482313,1.1709292210359827,0.43961274051173577
107,frozenset({'other vegetables'}),frozenset({'yogurt'}),0.1934926283680732,0.13950177935943062,0.04341637010676157,0.22438255386232264,1.6084565723294044,0.016423804156482313,1.10943639151694,0.469042186453709
71,frozenset({'hard cheese'}),frozenset({'whole milk'}),0.024504321301474327,0.25551601423487547,0.010066090493136757,0.4107883817427386,1.6076815497174028,0.0038048439826532804,1.263525637812641,0.38748123300968823
18,frozenset({'brown bread'}),frozenset({'yogurt'}),0.06487036095577021,0.13950177935943062,0.014539908490086425,0.22413793103448273,1.606703026038001,0.005490377709067946,1.1090865954922895,0.4038022432063966
28,frozenset({'chicken'}),frozenset({'whole milk'}),0.04290798169801729,0.25551601423487547,0.01759023894255211,0.4099526066350711,1.6044106192821026,0.00662656248021175,1.2617359116180025,0.3936070457226477
4,frozenset({'beef'}),frozenset({'yogurt'}),0.05246568378240976,0.13950177935943062,0.011692933401118455,0.22286821705426357,1.5976012498022465,0.004373877158163072,1.1072745183305082,0.3947736508395658
5,frozenset({'berries'}),frozenset({'other vegetables'}),0.033248601931875954,0.1934926283680732,0.010269445856634469,0.308868501529052,1.5962804585066874,0.0038360864792719935,1.166937657184248,0.38639061634392297
148,frozenset({'white bread'}),frozenset({'whole milk'}),0.042094560244026434,0.25551601423487547,0.01708185053380783,0.4057971014492754,1.5881474304630414,0.006326016279284349,1.252912073604722,0.38660970173017734
3,frozenset({'beef'}),frozenset({'whole milk'}),0.05246568378240976,0.25551601423487547,0.02125063548551093,0.4050387596899225,1.5851795469758803,0.007844813081322243,1.2513151031101117,0.389597113680904
142,frozenset({'tropical fruit'}),frozenset({'whole milk'}),0.10493136756481952,0.25551601423487547,0.04229791560752415,0.40310077519379844,1.5775949558420244,0.015486270799146773,1.2472523917363776,0.4090454303165878
87,frozenset({'oil'}),frozenset({'whole milk'}),0.02806304016268429,0.25551601423487547,0.01128622267412303,0.40217391304347827,1.57396754269105,0.004115666504440709,1.2453186670980265,0.3751919091389747
150,frozenset({'yogurt'}),frozenset({'whole milk'}),0.13950177935943062,0.25551601423487547,0.05602440264361973,0.40160349854227406,1.5717351405345266,0.020379464003024997,1.244131581570951,0.4227324107307714
149,frozenset({'whole milk'}),frozenset({'yogurt'}),0.25551601423487547,0.13950177935943062,0.05602440264361973,0.21925984878631116,1.5717351405345263,0.020379464003024997,1.1021569971813203,0.48860753783317645
31,frozenset({'chocolate'}),frozenset({'soda'}),0.04961870869344179,0.17437722419928825,0.013523131672597865,0.2725409836065574,1.5629391100702577,0.004870758982282394,1.1349406044809782,0.3789845320479975
114,frozenset({'pip fruit'}),frozenset({'whole milk'}),0.07564819522114896,0.25551601423487547,0.030096593797661414,0.3978494623655914,1.5570431605115762,0.010767268470691677,1.2363751906456533,0.38703558910356833
89,frozenset({'onions'}),frozenset({'whole milk'}),0.031011692933401117,0.25551601423487547,0.012099644128113879,0.3901639344262295,1.5269647015845471,0.0041756599550953725,1.220793632571844,0.35615085488550086
72,frozenset({'hygiene articles'}),frozenset({'whole milk'}),0.03294356888662939,0.25551601423487547,0.012811387900355872,0.38888888888888884,1.5219746208604144,0.004393778483772277,1.2182465221611127,0.35464199348123215
17,frozenset({'brown bread'}),frozenset({'whole milk'}),0.06487036095577021,0.25551601423487547,0.02521606507371632,0.3887147335423197,1.5212930379581036,0.00864064900032023,1.2178994433798704,0.36643523308792836
106,frozenset({'other vegetables'}),frozenset({'whole milk'}),0.1934926283680732,0.25551601423487547,0.07483477376715811,0.38675775091960063,1.5136340948246207,0.025394308582718045,1.2140128748166512,0.4207504618057839
105,frozenset({'whole milk'}),frozenset({'other vegetables'}),0.25551601423487547,0.1934926283680732,0.07483477376715811,0.2928770393951452,1.5136340948246205,0.025394308582718045,1.140547566072612,0.4558034229778036
218,"frozenset({'whole milk', 'yogurt'})",frozenset({'rolls/buns'}),0.05602440264361973,0.18393492628368074,0.015556685307574987,0.2776769509981851,1.5096477684174407,0.005251840937233543,1.1297785317027436,0.35762982487264605
118,frozenset({'pork'}),frozenset({'whole milk'}),0.05765124555160142,0.25551601423487547,0.022165734621250637,0.3844797178130512,1.504718672778097,0.007434918142229347,1.2095198278762913,0.35594459380803234
63,frozenset({'fruit/vegetable juice'}),frozenset({'other vegetables'}),0.0722928317234367,0.1934926283680732,0.021047280122013217,0.2911392405063291,1.5046528798632406,0.007059150099674626,1.1377514706950396,0.3615309837409222
13,frozenset({'bottled water'}),frozenset({'soda'}),0.11052364006100661,0.17437722419928825,0.028978139298423997,0.2621895124195032,1.5035765916302124,0.009705333736184412,1.1190174031114386,0.3765351879928446
228,"frozenset({'soda', 'yogurt'})",frozenset({'whole milk'}),0.027351296390442297,0.25551601423487547,0.01047280122013218,0.38289962825278806,1.4985347568110507,0.003484106982289628,1.2064228444025211,0.3420366224228608
135,frozenset({'sausage'}),frozenset({'yogurt'}),0.09395017793594305,0.13950177935943062,0.019623792577529234,0.2088744588744589,1.4972888506051771,0.0065175755843300594,1.0876885853240577,0.36656504768223247
16,frozenset({'brown bread'}),frozenset({'other vegetables'}),0.06487036095577021,0.1934926283680732,0.018708693441789527,0.28840125391849525,1.490502539300263,0.0061567567972719145,1.1333737953770247,0.35191414024421946
15,frozenset({'bottled water'}),frozenset({'yogurt'}),0.11052364006100661,0.13950177935943062,0.022979156075241484,0.20791168353265868,1.4903873232825786,0.0075609116254498135,1.0863665108435527,0.3699181810456802
133,frozenset({'sausage'}),frozenset({'soda'}),0.09395017793594305,0.17437722419928825,0.024300965937976614,0.25865800865800864,1.483324498630621,0.007918194696477646,1.1136867807881132,0.35962556738439494
98,frozenset({'sausage'}),frozenset({'other vegetables'}),0.09395017793594305,0.1934926283680732,0.026944585663446874,0.2867965367965368,1.4822091116100575,0.008765918798973094,1.1308236895112296,0.3590656449628719
195,"frozenset({'sausage', 'other vegetables'})",frozenset({'whole milk'}),0.026944585663446874,0.25551601423487547,0.010167768174885612,0.3773584905660377,1.4768486887055234,0.0032829950409514986,1.1956864013803514,0.3318234064785788
73,frozenset({'long life bakery product'}),frozenset({'other vegetables'}),0.037417386883579054,0.1934926283680732,0.010676156583629894,0.28532608695652173,1.474609598117389,0.0034361680488611147,1.128497006694103,0.3343654901487373
82,frozenset({'napkins'}),frozenset({'whole milk'}),0.05236400610066091,0.25551601423487547,0.019725470259278087,0.37669902912621356,1.4742677880844848,0.006345628131066509,1.1944213478786265,0.33947336401044187
97,frozenset({'salty snack'}),frozenset({'other vegetables'}),0.03782409761057448,0.1934926283680732,0.010777834265378749,0.28494623655913975,1.472646472180315,0.003459150203058135,1.1278975272446494,0.33356727991242946
111,frozenset({'pastry'}),frozenset({'whole milk'}),0.08896797153024912,0.25551601423487547,0.033248601931875954,0.3737142857142857,1.4625865499403103,0.010515860451904824,1.188728991869496,0.3471664755351681
65,frozenset({'fruit/vegetable juice'}),frozenset({'soda'}),0.0722928317234367,0.17437722419928825,0.01840366039654296,0.2545710267229255,1.459886908349838,0.0057974370711038215,1.1075807426307662,0.3395634366045717
49,frozenset({'dessert'}),frozenset({'whole milk'}),0.03711235383833249,0.25551601423487547,0.013726487036095577,0.3698630136986301,1.4475140229709618,0.004243686304450479,1.1814637165403061,0.32107630333607096
55,frozenset({'frankfurter'}),frozenset({'other vegetables'}),0.058973055414336555,0.1934926283680732,0.016471784443314694,0.2793103448275862,1.44351930708319,0.005060932948298683,1.1190772142261185,0.32650352495481255
37,frozenset({'citrus fruit'}),frozenset({'whole milk'}),0.08276563294356888,0.25551601423487547,0.030503304524656837,0.36855036855036855,1.4423767905662055,0.009355359879289413,1.179007712865392,0.3343746073975538
66,frozenset({'fruit/vegetable juice'}),frozenset({'whole milk'}),0.0722928317234367,0.25551601423487547,0.026639552618200304,0.36849507735583686,1.4421604002366317,0.008167576398475197,1.1789044852539055,0.3304877497816346
183,"frozenset({'other vegetables', 'yogurt'})",frozenset({'rolls/buns'}),0.04341637010676157,0.18393492628368074,0.011489578037620742,0.26463700234192034,1.4387534096366978,0.003503791202528552,1.1097445429199628,0.3187947745469868
136,frozenset({'shopping bags'}),frozenset({'soda'}),0.09852567361464158,0.17437722419928825,0.024605998983223184,0.2497420020639835,1.4321939302036606,0.007425365505936931,1.1004518153382252,0.33475222458160353
79,frozenset({'napkins'}),frozenset({'other vegetables'}),0.05236400610066091,0.1934926283680732,0.01443823080833757,0.2757281553398058,1.4250059946226958,0.00430618163603887,1.1135423495722314,0.31472903947288877
74,frozenset({'long life bakery product'}),frozenset({'whole milk'}),0.037417386883579054,0.25551601423487547,0.013523131672597865,0.36141304347826086,1.414443805256146,0.003962390113021437,1.165830241538578,0.3043981031060804
213,"frozenset({'whole milk', 'root vegetables'})",frozenset({'rolls/buns'}),0.048906964921199794,0.18393492628368074,0.012709710218607015,0.2598752598752599,1.412865218835368,0.003714011231067571,1.1026047765661504,0.307244815052384
1,frozenset({'beef'}),frozenset({'rolls/buns'}),0.05246568378240976,0.18393492628368074,0.01362480935434672,0.2596899224806201,1.4118575940281364,0.003974537675406276,1.102328738318379,0.30786565082090345
216,"frozenset({'tropical fruit', 'whole milk'})",frozenset({'rolls/buns'}),0.04229791560752415,0.18393492628368074,0.010981189628876462,0.25961538461538464,1.4114523536165327,0.0032011256396531585,1.102217761902561,0.3043847542201932
175,"frozenset({'other vegetables', 'root vegetables'})",frozenset({'rolls/buns'}),0.047381799694966954,0.18393492628368074,0.012201321809862735,0.2575107296137339,1.4000099644837327,0.003486153975780861,1.0990934229820948,0.2999306222649161
139,frozenset({'white bread'}),frozenset({'soda'}),0.042094560244026434,0.17437722419928825,0.010269445856634469,0.24396135265700483,1.399043675441191,0.0029291132873914254,1.0920377929121234,0.29776011249357615
6,frozenset({'berries'}),frozenset({'whole milk'}),0.033248601931875954,0.25551601423487547,0.01179461108286731,0.3547400611620795,1.3883280945201162,0.0032990608383523853,1.1537737599298374,0.289328949849854
76,frozenset({'margarine'}),frozenset({'rolls/buns'}),0.05856634468734113,0.18393492628368074,0.014743263853584139,0.2517361111111111,1.3686150651065658,0.003970867560813411,1.090611328214849,0.2860895829221149
57,frozenset({'frankfurter'}),frozenset({'whole milk'}),0.058973055414336555,0.25551601423487547,0.020538891713268937,0.3482758620689655,1.3630294880414944,0.0054703316465452186,1.1423299252480745,0.283031382554787
110,frozenset({'pastry'}),frozenset({'soda'}),0.08896797153024912,0.17437722419928825,0.021047280122013217,0.23657142857142854,1.3566647230320699,0.0055332922039270736,1.0814669593197945,0.28857185990338163
102,frozenset({'waffles'}),frozenset({'other vegetables'}),0.038434163701067614,0.1934926283680732,0.010066090493136757,0.2619047619047619,1.3535645472061657,0.002629363139488392,1.0926874067271266,0.2716506291635827
85,frozenset({'newspapers'}),frozenset({'rolls/buns'}),0.07981698017285206,0.18393492628368074,0.019725470259278087,0.2471337579617834,1.3435934270614371,0.0050443398949985355,1.0839443026519637,0.2779090960870307
51,frozenset({'domestic eggs'}),frozenset({'rolls/buns'}),0.06344687341128623,0.18393492628368074,0.015658362989323844,0.24679487179487178,1.3417510028206543,0.003988267005488887,1.083456608508475,0.27196026208077007
86,frozenset({'newspapers'}),frozenset({'whole milk'}),0.07981698017285206,0.25551601423487547,0.027351296390442297,0.34267515923566877,1.3411103028582578,0.0069567797484110586,1.1325967612899666,0.2764115097866047
127,frozenset({'yogurt'}),frozenset({'rolls/buns'}),0.13950177935943062,0.18393492628368074,0.03436705643111337,0.2463556851311953,1.339363274331291,0.0087078069281942,1.0828252235384817,0.2944533356825777
29,frozenset({'chocolate'}),frozenset({'other vegetables'}),0.04961870869344179,0.1934926283680732,0.012709710218607015,0.25614754098360654,1.3238103339851657,0.0031088558572832,1.084230295747604,0.25737541457152024
20,frozenset({'butter'}),frozenset({'rolls/buns'}),0.05541433655312659,0.18393492628368074,0.013421453990849009,0.24220183486238533,1.3167800143015809,0.0032288220818905942,1.0768897461873947,0.25468490067521277
32,frozenset({'chocolate'}),frozenset({'whole milk'}),0.04961870869344179,0.25551601423487547,0.016675139806812404,0.3360655737704918,1.3152427051463536,0.003996765129982793,1.121321558806731,0.25219778355909156
81,frozenset({'napkins'}),frozenset({'soda'}),0.05236400610066091,0.17437722419928825,0.011997966446365024,0.229126213592233,1.313968694273826,0.002866876414577179,1.0710219887591097,0.2521504691932786
90,frozenset({'pastry'}),frozenset({'other vegetables'}),0.08896797153024912,0.1934926283680732,0.02257244534824606,0.2537142857142857,1.3112348922753547,0.005357798696282251,1.0806951763827504,0.26053983671171166
178,"frozenset({'whole milk', 'other vegetables'})",frozenset({'rolls/buns'}),0.07483477376715811,0.18393492628368074,0.017895271987798677,0.23913043478260868,1.3000817170187706,0.0041305433914805255,1.0725426683128767,0.24948795571940965
145,frozenset({'waffles'}),frozenset({'whole milk'}),0.038434163701067614,0.25551601423487547,0.012709710218607015,0.3306878306878307,1.294196106173822,0.002889165899259489,1.11231204197319,0.23640562546262023
30,frozenset({'chocolate'}),frozenset({'rolls/buns'}),0.04961870869344179,0.18393492628368074,0.01179461108286731,0.2377049180327869,1.2923316024612819,0.0026679975570476668,1.0705369784235588,0.23801477885214878
109,frozenset({'pastry'}),frozenset({'rolls/buns'}),0.08896797153024912,0.18393492628368074,0.02094560244026436,0.2354285714285714,1.2799557766721943,0.004581285155239381,1.0673496853539304,0.2400826759708736
123,frozenset({'tropical fruit'}),frozenset({'rolls/buns'}),0.10493136756481952,0.18393492628368074,0.024605998983223184,0.23449612403100775,1.274886334906004,0.005305455625342296,1.0660495646522044,0.2408936472633766
40,frozenset({'coffee'}),frozenset({'whole milk'}),0.05805795627859685,0.25551601423487547,0.018708693441789527,0.3222416812609457,1.261140841703701,0.0038739558588597976,1.098450531968698,0.21983003397912437
84,frozenset({'newspapers'}),frozenset({'other vegetables'}),0.07981698017285206,0.1934926283680732,0.019318759532282664,0.24203821656050956,1.2508911507475624,0.0038747622502351316,1.0640475407244747,0.21796743239313748
134,frozenset({'sausage'}),frozenset({'whole milk'}),0.09395017793594305,0.25551601423487547,0.0298932384341637,0.3181818181818182,1.2452519625221574,0.005887463431314192,1.0919098457888492,0.21737178767815055
14,frozenset({'bottled water'}),frozenset({'whole milk'}),0.11052364006100661,0.25551601423487547,0.03436705643111337,0.31094756209751606,1.2169396232507244,0.0061264964439949506,1.0804460514375038,0.20041740732623908
99,frozenset({'shopping bags'}),frozenset({'other vegetables'}),0.09852567361464158,0.1934926283680732,0.023182511438739197,0.23529411764705885,1.21603659855955,0.004118519889307278,1.054663485980212,0.19707308820212055
80,frozenset({'napkins'}),frozenset({'rolls/buns'}),0.05236400610066091,0.18393492628368074,0.011692933401118455,0.22330097087378642,1.2140215857068486,0.002061363799075183,1.0506837824097612,0.18603284194812464
119,frozenset({'root vegetables'}),frozenset({'rolls/buns'}),0.10899847483477376,0.18393492628368074,0.024300965937976614,0.22294776119402987,1.2121012887469782,0.00425233950420887,1.0502061933059954,0.19639297407271053
9,frozenset({'bottled beer'}),frozenset({'soda'}),0.08052872394509406,0.17437722419928825,0.016980172852058974,0.21085858585858586,1.2092094413522985,0.002937797502202716,1.0462291814946618,0.18816618670212384
126,frozenset({'rolls/buns'}),frozenset({'whole milk'}),0.18393492628368074,0.25551601423487547,0.05663446873411286,0.30790491984521834,1.2050317893663836,0.009636149491521126,1.0756961104226122,0.2084960861043618
125,frozenset({'whole milk'}),frozenset({'rolls/buns'}),0.25551601423487547,0.18393492628368074,0.05663446873411286,0.22164743334659767,1.2050317893663836,0.009636149491521126,1.0484517025813447,0.2285426914877913
94,frozenset({'rolls/buns'}),frozenset({'other vegetables'}),0.18393492628368074,0.1934926283680732,0.042602948652770714,0.23161967938087338,1.1970465300635258,0.007012896317453533,1.0496200253828456,0.20171257256398784
93,frozenset({'other vegetables'}),frozenset({'rolls/buns'}),0.1934926283680732,0.18393492628368074,0.042602948652770714,0.22017866526537044,1.1970465300635258,0.007012896317453533,1.046476977952935,0.2041030140441965
122,frozenset({'rolls/buns'}),frozenset({'soda'}),0.18393492628368074,0.17437722419928825,0.03833248601931876,0.2084024322830293,1.1951241524802292,0.006258424140669808,1.0429829618879103,0.20006596598191162
121,frozenset({'soda'}),frozenset({'rolls/buns'}),0.17437722419928825,0.18393492628368074,0.03833248601931876,0.21982507288629738,1.1951241524802292,0.006258424140669808,1.0460026916468517,0.1977499314003476
39,frozenset({'coffee'}),frozenset({'other vegetables'}),0.05805795627859685,0.1934926283680732,0.013421453990849009,0.23117338003502627,1.194739985625057,0.002187667432824626,1.0490107271112306,0.17304440126655152
12,frozenset({'bottled water'}),frozenset({'rolls/buns'}),0.11052364006100661,0.18393492628368074,0.024199288256227757,0.21895124195032198,1.1903733911450616,0.003870130669002443,1.0448324324259588,0.17979956042773754
117,frozenset({'pork'}),frozenset({'soda'}),0.05765124555160142,0.17437722419928825,0.011896288764616167,0.20634920634920637,1.183349530288306,0.0018432245936963465,1.0402846975088968,0.16442017197304215
11,frozenset({'bottled water'}),frozenset({'other vegetables'}),0.11052364006100661,0.1934926283680732,0.024809354346720894,0.22447102115915363,1.1601011524436553,0.0034238447345098545,1.0399448552359483,0.15515443342553237
132,frozenset({'salty snack'}),frozenset({'whole milk'}),0.03782409761057448,0.25551601423487547,0.011184544992374174,0.29569892473118276,1.1572618084883335,0.0015198823288893049,1.0570535981092608,0.1412333202040481
59,frozenset({'frozen vegetables'}),frozenset({'rolls/buns'}),0.04809354346720895,0.18393492628368074,0.010167768174885612,0.2114164904862579,1.1494091674584557,0.0013216858025235385,1.0348492757850376,0.13655522324289668
124,frozenset({'whipped/sour cream'}),frozenset({'rolls/buns'}),0.07168276563294357,0.18393492628368074,0.014641586171835282,0.20425531914893616,1.1104759888500757,0.001456621959329444,1.0255363225846792,0.10716730558598025
34,frozenset({'citrus fruit'}),frozenset({'rolls/buns'}),0.08276563294356888,0.18393492628368074,0.01677681748856126,0.20270270270270271,1.102034870691587,0.0015533268942637402,1.0235392450001293,0.10094224587074604
64,frozenset({'fruit/vegetable juice'}),frozenset({'rolls/buns'}),0.0722928317234367,0.18393492628368074,0.014539908490086425,0.2011251758087201,1.0934583217682488,0.0012427318161975596,1.021518076430111,0.09213079774237161
8,frozenset({'bottled beer'}),frozenset({'other vegetables'}),0.08052872394509406,0.1934926283680732,0.016166751398068124,0.20075757575757575,1.0375463781270402,0.0005850369428048816,1.0090897919944486,0.03935703421180559
10,frozenset({'bottled beer'}),frozenset({'whole milk'}),0.08052872394509406,0.25551601423487547,0.02043721403152008,0.2537878787878788,0.9932366843926732,-0.0001391645423509287,0.9976841230558015,-0.007351302820593646
137,frozenset({'shopping bags'}),frozenset({'whole milk'}),0.09852567361464158,0.25551601423487547,0.024504321301474327,0.24871001031991746,0.9733636894136045,-0.0006705661203451237,0.9909409096241837,-0.02946172909489957
140,frozenset({'soda'}),frozenset({'whole milk'}),0.17437722419928825,0.25551601423487547,0.040061006609049314,0.22973760932944606,0.8991123707740158,-0.004495166691694093,0.9665329565383713,-0.11964634839306183
